Mayank@gmail.com Mayank Mayank@123
Shivam@gmail.com Shivam Shivam@123
Himanshu@gmail.com Himanshu Himanshu@123
Yash@gmail.com Yash Yash@123
Abhay@gmail.com Abhay Abhay@123
Aman@gmail.com Aman Aman@123
Ankit@gmail.com Ankit Ankit@123
Mohini@gmail.com Mohini Mohini@123
Tanu@gmail.com Tanu Tanu@123
Naina@gmail.com Naina Naina@123
Sakshi Sakshi Sakshi@123
Rishabh@gmail.com Rishabh Rishabh@123
Akku@gmail.com Akku Akku@123
